"1981,1,Kareem Abdul-Jabbar,C,33,LAL,80,0,37.2,10.5,18.2,.574,0.0,0.0,.000,10.5,18.2,.574,.574,5.3,6.9,.766,2.5,7.8,10.3,3.4,0.7,2.9,3.1,3.1,26.2"
"1981,2,Tom Abernethy,SF,26,TOT,39,0,7.6,0.6,1.5,.424,0.0,0.0,.000,0.6,1.5,.431,.424,0.3,0.6,.591,0.5,0.7,1.2,0.5,0.2,0.1,0.2,0.9,1.6"
"1981,3,Alvan Adams,C,26,PHO,75,0,27.4,6.1,11.6,.526,0.0,0.0,0,6.1,11.6,.526,.526,2.7,3.5,.768,2.1,5.2,7.3,4.6,1.4,0.9,3.0,3.0,14.9"
"1981,4,Darrell Allums,PF,22,DAL,22,0,12.5,1.0,3.0,.343,0.0,0.0,.000,1.0,3.0,.348,.343,0.6,1.0,.591,0.9,2.1,3.0,1.1,0.2,0.4,1.0,2.3,2.7"
"1981,5,Tiny Archibald,PG,32,BOS,80,72,35.3,4.8,9.6,.499,0.0,0.1,.000,4.8,9.5,.505,.499,4.3,5.2,.816,0.5,1.8,2.2,7.7,0.9,0.2,3.3,2.5,13.8"
"1981,6,Dennis Awtrey,C,32,SEA,47,0,12.9,0.9,2.0,.473,0.0,0.0,0,0.9,2.0,.473,.473,0.3,0.4,.700,0.7,1.6,2.3,1.1,0.3,0.2,0.7,1.8,2.2"
"1981,7,James Bailey,PF,23,SEA,82,0,31.0,5.4,10.8,.499,0.0,0.0,.500,5.4,10.8,.499,.500,3.1,4.4,.709,2.3,5.1,7.4,1.2,0.9,1.7,2.7,4.0,14.0"
"1981,8,Greg Ballard,SF,26,WSB,82,0,31.8,6.7,14.5,.463,0.1,0.4,.219,6.6,14.1,.470,.466,2.0,2.4,.847,2.0,5.0,7.1,2.4,1.4,0.5,1.4,2.4,15.5"
"1981,9,Mike Bantom,SF,29,IND,76,0,31.3,5.7,11.6,.489,0.0,0.1,.000,5.7,11.5,.492,.489,2.6,3.7,.708,2.0,3.6,5.6,3.2,1.1,1.1,2.6,3.7,14.0"
"1981,10,Billy Ray Bates,SG,24,POR,77,0,20.3,5.7,11.7,.487,0.2,0.7,.259,5.5,11.0,.501,.494,2.2,2.6,.854,0.9,1.1,2.0,2.5,1.1,0.1,1.9,1.6,13.8"
"1981,11,Mel Bennett,PF,26,UTA,28,0,11.2,0.9,2.1,.433,0.0,0.1,.000,0.9,2.1,.448,.433,1.9,2.9,.654,1.2,2.1,3.3,0.5,0.1,0.4,1.1,2.0,3.8"
"1981,12,Kent Benson,C,26,DET,59,0,33.2,6.2,13.1,.473,0.0,0.1,.000,6.2,13.0,.475,.473,3.3,4.3,.772,2.1,4.7,6.8,2.9,1.2,1.1,3.2,3.1,15.7"
"1981,13,Henry Bibby,PG,31,SDC,73,0,15.2,1.6,4.2,.386,0.4,1.3,.337,1.2,2.9,.408,.438,0.9,1.3,.684,0.3,0.7,1.0,2.7,0.6,0.0,1.0,1.2,4.6"
"1981,14,Larry Bird,PF,24,BOS,82,82,39.5,8.8,18.3,.478,0.2,0.9,.270,8.5,17.4,.489,.485,3.5,4.0,.863,2.3,8.6,10.9,5.5,2.0,0.8,3.5,2.9,21.2"
"1981,15,Otis Birdsong,SG,25,KCK,71,0,36.5,10.0,18.4,.544,0.1,0.5,.286,9.9,17.9,.551,.547,4.5,6.4,.697,1.7,2.0,3.6,3.3,1.3,0.3,2.4,2.4,24.6"
"1981,16,Norman Black,SG,23,DET,3,0,9.3,1.0,3.3,.300,0.0,0.0,0,1.0,3.3,.300,.300,0.7,2.7,.250,0.0,0.7,0.7,0.7,0.3,0.0,0.3,0.7,2.7"
"1981,17,Ron Boone,SG,34,UTA,52,0,22.0,3.1,7.1,.431,0.2,0.8,.282,2.9,6.4,.449,.446,1.4,1.8,.798,0.3,1.3,1.6,3.1,0.6,0.2,2.1,2.4,7.8"
"1981,18,Winford Boynes,SG,23,DAL,44,0,17.2,2.8,7.1,.387,0.0,0.0,0,2.8,7.1,.387,.387,1.0,1.3,.818,0.5,1.2,1.7,0.8,0.5,0.4,1.6,1.8,6.5"
"1981,19,Dudley Bradley,SG,23,IND,82,0,22.8,3.2,6.8,.474,0.0,0.2,.125,3.2,6.6,.484,.476,1.5,2.2,.702,0.9,1.5,2.4,2.3,2.3,0.5,1.5,2.9,8.0"
"1981,20,Mike Bratz,PG,25,CLE,80,0,32.4,4.0,10.2,.390,0.7,2.1,.337,3.3,8.1,.404,.425,1.3,1.7,.811,0.8,1.7,2.5,5.7,1.7,0.2,2.0,2.4,10.0"
"1981,21,Jim Brewer,PF,29,LAL,78,0,14.2,1.3,2.5,.513,0.0,0.0,.000,1.3,2.5,.518,.513,0.2,0.5,.375,1.6,2.0,3.6,0.7,0.6,0.7,0.6,2.0,2.8"
"1981,22,Ron Brewer,SG,25,TOT,75,0,19.4,3.7,8.4,.436,0.0,0.1,.143,3.7,8.3,.439,.437,1.2,1.5,.798,0.5,0.7,1.1,2.0,0.8,0.5,1.2,1.3,8.6"
"1981,23,Junior Bridgeman,SF,27,MIL,77,0,28.8,7.0,14.3,.487,0.0,0.3,.143,6.9,14.0,.494,.489,2.8,3.1,.884,1.0,2.7,3.8,3.0,1.1,0.4,1.9,2.4,16.8"
"1981,24,Allan Bristow,SF,29,UTA,82,0,24.4,3.3,7.5,.444,0.1,0.2,.278,3.2,7.2,.449,.448,2.0,2.4,.838,1.3,4.0,5.2,4.7,0.8,0.0,2.1,2.3,8.7"
"1981,25,Dave Britton,PG,22,WSB,2,0,4.5,1.0,1.5,.667,0.0,0.0,0,1.0,1.5,.667,.667,0.0,0.0,0,0.0,1.0,1.0,1.5,0.5,0.0,1.0,1.0,2.0"
"1981,26,Michael Brooks,SF,22,SDC,82,0,30.2,6.0,12.4,.479,0.0,0.1,.000,6.0,12.3,.482,.479,2.8,3.9,.706,2.6,2.8,5.4,2.5,1.2,0.4,2.0,2.9,14.7"
"1981,27,Fred Brown,SG,32,SEA,78,0,25.5,6.5,13.3,.488,0.3,0.8,.359,6.2,12.4,.496,.499,2.2,2.7,.832,0.7,1.6,2.2,3.0,1.1,0.2,1.7,1.8,15.5"
"1981,28,Lewis Brown,C,25,WSB,2,0,2.5,0.0,1.5,.000,0.0,0.0,0,0.0,1.5,.000,.000,1.0,2.5,.400,0.5,0.5,1.0,0.0,0.0,0.0,0.5,1.0,1.0"
"1981,29,Rickey Brown,C,22,GSW,45,0,12.9,1.8,3.6,.512,0.0,0.0,0,1.8,3.6,.512,.512,0.4,0.5,.762,1.2,2.5,3.7,0.5,0.2,0.3,0.7,2.3,4.0"
"1981,30,Joe Bryant,PF,26,SDC,82,0,28.8,4.6,9.6,.479,0.0,0.2,.133,4.6,9.5,.486,.480,2.4,3.0,.791,1.8,3.6,5.4,2.3,0.9,0.4,2.1,3.2,11.6"
"1981,31,Quinn Buckner,PG,26,MIL,82,0,29.1,5.7,11.7,.493,0.0,0.1,.167,5.7,11.6,.495,.493,1.8,2.5,.734,1.1,2.6,3.6,4.7,2.4,0.0,2.9,3.3,13.3"
"1981,32,Tom Burleson,C,28,ATL,31,0,11.7,1.3,3.2,.414,0.0,0.0,0,1.3,3.2,.414,.414,0.6,1.3,.488,1.4,1.6,3.0,0.4,0.3,0.6,0.8,2.4,3.3"
"1981,33,Don Buse,SG,30,IND,58,0,18.9,2.0,4.9,.397,0.3,1.0,.328,1.6,3.9,.415,.430,0.9,1.1,.769,0.3,1.1,1.4,2.4,1.3,0.1,0.7,1.1,5.1"
"1981,34,Marty Byrnes,SF,24,DAL,72,0,18.9,3.0,6.3,.479,0.1,0.3,.450,2.9,6.0,.480,.489,1.7,2.2,.764,1.0,1.4,2.5,1.6,0.4,0.2,0.8,1.8,7.8"
"1981,35,Mack Calvin,PG,33,CLE,21,0,6.1,0.6,1.9,.333,0.0,0.2,.200,0.6,1.6,.353,.346,1.2,1.7,.714,0.1,0.5,0.6,1.3,0.2,0.0,0.8,0.6,2.5"
"1981,36,Austin Carr,SG,32,TOT,47,0,14.0,1.9,5.0,.372,0.0,0.1,.000,1.9,4.8,.383,.372,0.7,1.1,.630,0.5,0.8,1.3,1.2,0.3,0.0,0.9,1.1,4.4"
"1981,37,Kenny Carr,PF,25,CLE,81,0,32.3,5.8,11.3,.511,0.0,0.0,.000,5.8,11.3,.513,.511,3.6,5.0,.714,3.2,7.1,10.3,2.4,0.9,0.5,2.9,3.7,15.2"
"1981,38,M.L. Carr,SF,30,BOS,41,7,16.0,2.4,5.3,.449,0.0,0.3,.071,2.3,4.9,.475,.451,1.3,1.6,.791,0.6,1.4,2.0,1.4,0.7,0.4,1.1,1.8,6.0"
"1981,39,Joe Barry Carroll,C,22,GSW,82,0,35.6,7.5,15.3,.491,0.0,0.0,.000,7.5,15.3,.492,.491,3.8,5.4,.716,3.3,5.9,9.3,1.4,0.6,1.5,3.0,3.8,18.9"
"1981,40,Butch Carter,SF,22,LAL,54,0,12.4,2.1,4.6,.462,0.1,0.2,.300,2.1,4.4,.468,.468,1.3,1.8,.737,0.6,0.6,1.2,1.0,0.4,0.0,0.9,1.8,5.6"
"1981,41,Reggie Carter,SG,23,NYK,60,0,8.9,1.0,3.0,.330,0.0,0.1,.000,1.0,2.9,.335,.330,0.9,1.2,.739,0.5,0.7,1.2,1.3,0.4,0.0,0.6,1.1,2.8"
"1981,42,Bill Cartwright,C,23,NYK,82,0,35.7,7.5,13.6,.554,0.0,0.0,.000,7.5,13.6,.554,.554,5.0,6.3,.788,2.0,5.5,7.5,1.4,0.6,1.0,2.4,3.2,20.1"
"1981,43,Harvey Catchings,PF,29,MIL,77,0,21.2,1.7,3.9,.447,0.0,0.0,0,1.7,3.9,.447,.447,0.8,1.2,.641,2.0,4.1,6.1,1.3,0.4,2.4,1.4,3.7,4.2"
"1981,44,Maurice Cheeks,PG,24,PHI,81,0,29.8,3.8,7.2,.534,0.0,0.1,.375,3.8,7.1,.536,.536,1.7,2.2,.787,0.8,2.2,3.0,6.9,2.4,0.5,2.1,2.9,9.4"
"1981,45,Phil Chenier,SG,30,GSW,9,0,9.1,1.2,3.7,.333,0.1,0.3,.333,1.1,3.3,.333,.348,0.7,0.7,1.000,0.1,0.8,0.9,0.8,0.0,0.0,0.4,1.1,3.2"
"1981,46,Jim Chones,PF,31,LAL,82,0,31.2,4.6,9.2,.503,0.0,0.0,.000,4.6,9.1,.506,.503,1.5,2.4,.653,2.2,5.8,8.0,1.9,0.5,1.2,1.9,4.0,10.8"
"1981,47,Art Collins,SG,26,ATL,29,0,13.6,1.2,3.4,.354,0.0,0.1,.000,1.2,3.3,.361,.354,0.8,1.2,.667,0.7,0.8,1.4,0.9,0.4,0.0,1.1,1.2,3.2"
"1981,48,Don Collins,SF,22,TOT,81,0,22.8,4.4,10.0,.444,0.0,0.1,.000,4.4,9.9,.447,.444,2.6,3.4,.776,1.6,1.7,3.3,2.3,1.3,0.3,2.1,3.2,11.5"
"1981,49,Doug Collins,SG,29,PHI,12,0,27.4,5.2,10.5,.492,0.0,0.0,0,5.2,10.5,.492,.492,2.0,2.4,.828,0.5,1.9,2.4,3.5,0.6,0.3,1.8,1.9,12.3"
"1981,50,Darwin Cook,SG,22,NJN,81,0,24.4,4.7,10.1,.468,0.1,0.3,.240,4.7,9.8,.475,.471,1.6,2.2,.733,1.2,1.7,2.9,3.7,1.7,0.4,2.2,2.4,11.2"
"1981,51,Jeff Cook,SF,24,PHO,79,0,27.7,3.6,7.8,.464,0.0,0.1,.000,3.6,7.7,.468,.464,1.3,2.0,.645,2.2,3.8,5.9,2.5,1.0,0.7,1.8,3.0,8.5"
"1981,52,Michael Cooper,SG,24,LAL,81,0,32.4,4.0,8.1,.491,0.0,0.2,.211,3.9,7.8,.499,.494,1.4,1.8,.785,1.5,2.7,4.1,4.1,1.6,1.0,2.0,3.1,9.4"
"1981,53,Wayne Cooper,C,24,UTA,71,0,20.0,3.0,6.6,.452,0.0,0.0,.333,3.0,6.6,.453,.453,0.9,1.3,.689,2.3,3.9,6.2,0.7,0.3,0.7,1.1,3.1,6.9"
"1981,54,Dave Corzine,C,24,SAS,82,0,23.9,4.5,9.1,.490,0.0,0.0,.000,4.5,9.1,.492,.490,1.5,2.1,.714,2.8,5.0,7.8,1.4,0.5,1.2,1.6,2.6,10.5"
"1981,55,Charlie Criss,PG,32,ATL,66,0,25.9,3.3,7.3,.454,0.0,0.3,.048,3.3,7.0,.472,.455,2.8,3.2,.864,0.4,1.1,1.5,4.3,0.9,0.0,2.0,1.3,9.5"
"1981,56,Geoff Crompton,C,25,POR,6,0,5.5,0.7,1.3,.500,0.0,0.0,0,0.7,1.3,.500,.500,0.2,0.8,.200,1.2,1.8,3.0,0.3,0.0,0.3,0.8,0.7,1.5"
"1981,57,Pat Cummings,C,24,MIL,74,0,14.6,3.4,6.2,.539,0.0,0.0,.000,3.4,6.2,.541,.539,1.3,1.9,.707,1.3,2.6,3.9,0.8,0.4,0.3,1.5,2.6,8.0"
"1981,58,Earl Cureton,C,23,PHI,52,0,10.2,1.8,3.9,.454,0.0,0.0,.000,1.8,3.9,.456,.454,0.6,1.2,.516,1.0,2.0,3.0,0.5,0.4,0.4,0.6,1.3,4.2"
"1981,59,Bob Dandridge,SF,33,WSB,23,0,23.7,4.4,10.3,.426,0.0,0.0,.000,4.4,10.3,.428,.426,1.2,1.7,.718,0.8,2.8,3.6,2.6,0.7,0.4,1.4,2.3,10.0"
"1981,60,Adrian Dantley,SF,24,UTA,80,0,42.7,11.4,20.3,.559,0.0,0.1,.286,11.3,20.3,.560,.559,7.9,9.8,.806,2.4,4.0,6.4,4.0,1.4,0.2,3.5,3.1,30.7"
"1981,61,Brad Davis,PG,25,DAL,56,0,30.1,4.1,7.3,.561,0.1,0.3,.176,4.1,7.0,.578,.565,2.9,3.6,.799,0.5,2.2,2.7,6.9,0.9,0.2,2.2,2.8,11.2"
"1981,62,Johnny Davis,PG,25,IND,76,0,33.4,5.6,12.1,.465,0.1,0.4,.121,5.6,11.6,.477,.467,3.1,3.9,.796,0.7,1.5,2.2,6.3,1.3,0.2,2.2,2.4,14.4"
"1981,63,Monti Davis,PF,22,TOT,2,0,5.0,0.5,2.5,.200,0.0,0.0,0,0.5,2.5,.200,.200,0.5,2.5,.200,1.0,1.0,2.0,0.0,0.0,0.5,0.0,0.0,1.5"
"1981,64,Ron Davis,SF,26,SDC,64,0,12.8,2.2,4.9,.443,0.0,0.1,.250,2.1,4.8,.448,.446,1.5,2.5,.595,0.7,1.1,1.9,0.7,0.6,0.2,1.0,1.5,5.8"
"1981,65,Walter Davis,SG,26,PHO,78,0,28.0,7.6,14.1,.539,0.1,0.2,.412,7.5,13.9,.541,.542,2.7,3.2,.836,0.8,1.8,2.6,3.9,1.2,0.2,2.8,2.5,18.0"
"1981,66,Darryl Dawkins,C,24,PHI,76,0,27.5,5.6,9.2,.607,0.0,0.0,0,5.6,9.2,.607,.607,2.9,4.0,.720,1.4,5.8,7.2,1.4,0.5,1.5,2.9,4.2,14.0"
"1981,67,Larry Demic,PF,23,NYK,76,0,12.7,1.7,3.3,.504,0.0,0.0,.000,1.7,3.3,.508,.504,0.8,1.2,.630,1.5,1.7,3.2,0.4,0.2,0.2,0.8,2.0,4.1"
"1981,68,Coby Dietrick,C,32,CHI,82,0,15.2,1.8,3.9,.456,0.0,0.1,.333,1.8,3.8,.459,.459,0.9,1.4,.694,1.0,2.3,3.2,1.4,0.6,0.6,1.1,2.1,4.5"
"1981,69,James Donaldson,C,23,SEA,68,0,14.4,1.9,3.5,.542,0.0,0.0,0,1.9,3.5,.542,.542,1.5,2.5,.594,1.6,3.0,4.5,0.6,0.1,1.1,1.0,1.2,5.3"
"1981,70,Jacky Dorsey,SF,26,SEA,29,0,8.7,0.7,2.4,.286,0.0,0.0,0,0.7,2.4,.286,.286,0.4,0.9,.520,0.8,2.2,3.0,0.3,0.3,0.0,0.5,1.6,1.8"
"1981,71,Leon Douglas,C,26,KCK,79,0,17.2,2.3,4.1,.573,0.0,0.0,.000,2.3,4.1,.578,.573,1.3,2.4,.548,1.9,3.0,4.9,0.9,0.3,0.5,1.1,3.2,6.0"
"1981,72,John Drew,SF,26,ATL,67,0,31.0,7.5,16.4,.456,0.0,0.1,.000,7.5,16.3,.459,.456,6.8,8.6,.787,2.2,3.6,5.7,1.2,1.5,0.2,2.9,3.9,21.7"
"1981,73,Larry Drew,PG,22,DET,76,0,20.8,2.6,6.4,.407,0.1,0.2,.235,2.5,6.1,.413,.411,1.4,1.8,.797,0.3,1.3,1.6,3.3,1.2,0.1,2.2,1.6,6.6"
"1981,74,Ralph Drollinger,C,26,DAL,6,0,11.2,1.2,2.3,.500,0.0,0.0,0,1.2,2.3,.500,.500,0.2,0.7,.250,0.8,2.3,3.2,2.3,0.2,0.3,2.2,2.7,2.5"
"1981,75,Terry Duerod,SG-SF,24,TOT,50,0,9.0,2.1,4.7,.444,0.2,0.3,.500,1.9,4.4,.440,.462,0.6,0.8,.756,0.3,0.5,0.9,0.7,0.3,0.1,0.7,0.5,4.9"
"1981,76,Mike Dunleavy,SG,26,HOU,74,0,21.7,4.2,8.5,.491,0.0,0.2,.063,4.2,8.3,.502,.491,2.1,2.5,.839,0.4,1.2,1.6,3.6,0.9,0.0,1.9,2.2,10.5"
"1981,77,T.R. Dunn,SG,25,DEN,82,0,17.4,1.8,4.3,.412,0.0,0.0,.000,1.8,4.3,.415,.412,1.0,1.5,.653,1.6,2.0,3.7,1.0,0.8,0.4,0.7,1.7,4.5"
"1981,78,John Duren,PG,22,UTA,40,0,11.5,0.8,2.5,.327,0.0,0.0,.000,0.8,2.5,.330,.327,0.1,0.2,.556,0.2,0.7,0.9,1.4,0.5,0.1,0.9,1.4,1.8"
"1981,79,James Edwards,C,25,IND,81,0,29.3,6.3,12.4,.509,0.0,0.0,.000,6.3,12.4,.510,.509,3.0,4.3,.703,2.4,4.7,7.0,2.6,0.4,1.6,2.0,3.8,15.6"
"1981,80,Bob Elliott,C,25,NJN,73,0,18.1,2.9,5.7,.511,0.0,0.0,.500,2.9,5.7,.511,.512,1.7,2.8,.599,1.4,2.2,3.6,1.8,0.5,0.2,1.6,2.4,7.5"
"1981,81,Len Elmore,C,28,MIL,72,0,12.8,1.1,2.9,.358,0.0,0.0,0,1.1,2.9,.358,.358,0.8,1.0,.720,0.9,1.9,2.9,1.0,0.5,0.7,0.6,2.5,2.9"
"1981,82,Alex English,SF,27,DEN,81,0,38.2,9.5,19.2,.494,0.0,0.1,.600,9.4,19.1,.494,.495,4.8,5.7,.850,3.4,4.6,8.0,3.6,1.3,1.2,3.0,3.1,23.8"
"1981,83,Julius Erving,SF,30,PHI,82,0,35.0,9.7,18.6,.521,0.0,0.2,.222,9.6,18.4,.525,.522,5.1,6.5,.787,3.0,5.0,8.0,4.4,2.1,1.8,3.2,2.8,24.6"
"1981,84,Mike Evans,PG,25,MIL,71,0,12.8,1.9,4.1,.460,0.0,0.2,.143,1.9,3.9,.477,.464,0.7,0.9,.781,0.3,0.9,1.2,2.4,0.5,0.1,1.0,1.6,4.5"
"1981,85,Eric Fernsten,C,27,BOS,45,0,6.2,0.8,1.8,.481,0.0,0.0,0,0.8,1.8,.481,.481,0.4,0.7,.667,0.6,0.7,1.4,0.2,0.1,0.2,0.4,0.6,2.1"
"1981,86,Chris Ford,SG,32,BOS,82,75,33.2,3.8,8.6,.444,0.4,1.3,.330,3.4,7.3,.465,.470,0.8,1.1,.736,0.9,1.1,2.0,3.6,1.2,0.3,1.5,2.6,8.9"
"1981,87,Don Ford,SF,28,CLE,64,0,15.6,1.6,3.5,.446,0.0,0.0,.000,1.6,3.5,.452,.446,0.3,0.4,.917,1.2,1.4,2.6,1.3,0.2,0.2,0.8,1.6,3.5"
"1981,88,Phil Ford,PG,24,KCK,66,0,34.7,6.4,13.4,.478,0.2,0.5,.306,6.3,12.9,.485,.484,4.5,5.4,.831,0.4,1.5,1.9,8.8,1.5,0.1,3.7,2.9,17.5"
"1981,89,World B. Free,SG,27,GSW,65,0,36.5,7.9,17.8,.446,0.1,0.5,.161,7.9,17.3,.454,.448,8.1,10.0,.814,0.7,1.7,2.4,5.6,1.3,0.2,3.0,2.8,24.1"
"1981,90,Tony Fuller,SG,22,DET,15,0,16.5,1.6,4.4,.364,0.0,0.1,.000,1.6,4.3,.369,.364,0.8,1.1,.750,0.9,1.9,2.8,1.9,0.7,0.1,1.5,1.7,4.0"
"1981,91,Mike Gale,PG,30,TOT,77,0,14.4,2.0,4.0,.508,0.0,0.1,.286,2.0,3.9,.513,.511,0.7,0.9,.809,0.2,1.1,1.3,2.2,1.2,0.1,1.0,1.5,4.8"
"1981,92,Calvin Garrett,SF,24,HOU,70,0,23.4,2.7,5.9,.453,0.0,0.0,.333,2.7,5.9,.454,.454,0.7,0.9,.806,1.2,2.6,3.8,1.9,0.7,0.1,1.3,2.4,6.1"
"1981,93,Gus Gerard,SF,27,TOT,27,0,9.3,1.5,4.1,.369,0.0,0.1,.000,1.5,4.0,.383,.369,1.0,1.5,.675,1.1,1.4,2.5,0.6,0.4,0.3,0.6,1.5,4.0"
"1981,94,George Gervin,SG,28,SAS,82,0,33.7,10.4,21.1,.492,0.1,0.4,.257,10.3,20.7,.496,.494,6.2,7.6,.826,1.5,3.6,5.1,3.2,1.1,0.7,3.1,2.6,27.1"
"1981,95,Artis Gilmore,C,31,CHI,82,0,34.5,6.7,10.0,.670,0.0,0.0,0,6.7,10.0,.670,.670,4.6,6.5,.705,2.7,7.4,10.1,2.1,0.6,2.4,2.9,3.6,17.9"
"1981,96,Mike Glenn,PG,25,NYK,82,0,18.4,3.5,6.2,.558,0.0,0.1,.364,3.4,6.1,.562,.562,1.2,1.3,.891,0.3,0.7,1.1,1.3,0.9,0.1,0.8,1.5,8.2"
"1981,97,Mike Gminski,C,21,NJN,56,0,28.2,5.2,12.3,.423,0.0,0.0,.000,5.2,12.3,.424,.423,2.8,3.6,.767,2.4,5.0,7.5,1.3,1.0,1.8,2.3,2.3,13.2"
"1981,98,Glen Gondrezick,PF,25,DEN,73,0,14.8,2.1,4.5,.471,0.0,0.0,.000,2.1,4.5,.474,.471,1.5,1.9,.818,1.9,2.3,4.2,1.1,1.2,0.3,0.9,2.5,5.8"
"1981,99,Rickey Green,PG,26,UTA,47,0,27.8,3.7,7.8,.481,0.0,0.0,.000,3.7,7.8,.482,.481,1.5,2.1,.722,0.6,1.8,2.5,5.0,1.6,0.0,1.8,2.6,9.0"
"1981,100,Dave Greenwood,PF,23,CHI,82,0,33.0,5.9,12.1,.486,0.0,0.0,.000,5.9,12.0,.487,.486,2.6,3.5,.748,3.0,5.9,8.8,2.7,0.9,1.5,2.3,3.4,14.4"
"1981,101,Kevin Grevey,SG,27,WSB,75,0,34.9,6.7,14.7,.453,0.6,1.8,.331,6.1,12.9,.471,.474,3.3,3.9,.841,0.9,2.0,2.9,4.0,0.9,0.2,1.9,2.1,17.2"
"1981,102,Paul Griffin,PF,27,SAS,82,0,23.5,2.0,4.0,.511,0.0,0.0,0,2.0,4.0,.511,.511,2.1,3.1,.672,2.2,3.9,6.2,3.0,0.9,0.5,1.6,2.5,6.1"
"1981,103,Darrell Griffith,SG,22,UTA,81,0,35.4,8.8,19.1,.464,0.1,0.6,.192,8.7,18.4,.473,.467,2.8,4.0,.716,1.0,2.6,3.6,2.4,1.3,0.5,2.9,2.7,20.6"
"1981,104,Bob Gross,SF,27,POR,82,0,23.6,3.1,5.8,.528,0.0,0.1,.000,3.1,5.7,.538,.528,1.6,1.9,.849,1.5,2.5,4.0,3.1,1.1,0.8,1.8,2.9,7.8"
"1981,105,Ernie Grunfeld,SF,25,KCK,79,0,20.1,3.3,6.2,.535,0.0,0.0,0,3.3,6.2,.535,.535,0.9,1.3,.743,0.4,2.2,2.6,2.6,0.8,0.2,1.1,2.0,7.5"
"1981,106,Roy Hamilton,PG,23,POR,1,0,5.0,1.0,3.0,.333,0.0,0.0,0,1.0,3.0,.333,.333,1.0,2.0,.500,2.0,1.0,3.0,0.0,0.0,0.0,1.0,1.0,3.0"
"1981,107,Bill Hanzlik,SF,23,SEA,74,0,17.0,1.9,3.9,.478,0.0,0.1,.200,1.9,3.8,.482,.479,1.6,2.0,.793,0.9,1.2,2.1,1.5,0.8,0.3,1.1,2.3,5.4"
"1981,108,Alan Hardy,SG,23,LAL,22,0,5.0,1.0,2.7,.373,0.0,0.0,0,1.0,2.7,.373,.373,0.3,0.5,.700,0.4,0.5,0.9,0.1,0.0,0.4,0.5,0.6,2.3"
"1981,109,James Hardy,PF,24,UTA,23,0,22.1,2.3,4.8,.468,0.0,0.0,0,2.3,4.8,.468,.468,0.5,0.9,.550,1.7,4.1,5.8,1.6,0.9,0.9,1.0,2.5,5.0"
"1981,110,Mike Harper,PF,23,POR,55,0,8.4,1.0,2.5,.412,0.0,0.1,.000,1.0,2.4,.421,.412,0.7,1.5,.435,0.5,1.2,1.7,0.3,0.4,0.4,0.6,1.3,2.7"
"1981,111,Joe Hassett,SG,25,TOT,41,0,17.4,3.5,8.3,.421,1.3,3.8,.340,2.2,4.5,.489,.499,0.4,0.5,.810,0.6,1.1,1.7,1.8,0.3,0.0,0.5,1.6,8.7"
"1981,112,Steve Hawes,C,30,ATL,74,0,31.2,4.5,8.6,.523,0.0,0.1,.250,4.5,8.6,.524,.524,3.0,3.8,.799,2.2,5.4,7.6,2.3,1.0,0.4,2.2,3.9,12.0"
"1981,113,Elvin Hayes,PF,35,WSB,81,0,36.2,7.2,16.0,.451,0.0,0.1,.000,7.2,15.9,.454,.451,3.3,5.4,.617,2.9,6.8,9.7,1.2,0.8,2.1,2.3,3.7,17.8"
"1981,114,Gar Heard,PF,32,SDC,78,0,20.9,1.9,5.1,.376,0.0,0.1,.000,1.9,5.0,.383,.376,1.0,1.3,.782,1.5,2.9,4.5,1.6,1.3,0.9,1.0,2.5,4.8"
"1981,115,Gerald Henderson,PG,25,BOS,82,10,19.6,3.2,7.1,.451,0.0,0.2,.063,3.2,6.9,.462,.452,1.4,1.9,.720,0.5,1.1,1.6,2.6,1.0,0.1,2.0,2.2,7.8"
"1981,116,Tom Henderson,SG,29,HOU,66,0,21.4,2.1,5.0,.413,0.0,0.0,.000,2.1,5.0,.416,.413,1.2,1.4,.821,0.5,1.1,1.6,4.7,0.8,0.1,1.4,1.7,5.3"
"1981,117,Keith Herron,SG,24,DET,80,0,28.4,5.4,11.9,.453,0.0,0.1,.182,5.4,11.8,.456,.454,2.9,3.3,.854,1.2,1.4,2.6,1.9,1.1,0.3,1.9,1.9,13.7"
"1981,118,Kenny Higgs,PG,26,DEN,72,0,23.5,2.9,6.6,.441,0.1,0.5,.118,2.8,6.1,.466,.445,1.9,2.4,.814,0.3,1.7,2.0,5.7,1.4,0.1,2.3,3.4,7.8"
"1981,119,Johnny High,PG,23,PHO,81,0,21.6,3.0,7.1,.427,0.0,0.3,.083,3.0,6.8,.442,.429,2.3,3.3,.693,1.1,1.7,2.8,2.5,1.6,0.3,2.3,3.1,8.4"
"1981,120,Armond Hill,PG,27,TOT,75,0,23.2,1.6,4.5,.349,0.0,0.1,.000,1.6,4.4,.357,.349,1.9,2.3,.820,0.5,1.6,2.1,3.9,0.9,0.1,1.7,2.8,5.0"
"1981,121,Brad Holland,SG,24,LAL,41,0,7.2,1.1,2.7,.423,0.0,0.1,.333,1.1,2.6,.426,.428,0.9,1.2,.714,0.2,0.5,0.7,0.6,0.5,0.0,0.8,1.1,3.2"
"1981,122,Lionel Hollins,PG,27,PHI,82,0,26.3,4.0,8.5,.470,0.0,0.2,.133,4.0,8.3,.477,.471,1.5,2.1,.731,0.6,1.8,2.3,4.3,1.3,0.2,2.5,2.5,9.5"
"1981,123,Cedrick Hordges,PF,24,DEN,68,0,23.5,3.3,7.1,.460,0.0,0.0,.000,3.3,7.0,.463,.460,1.9,2.7,.699,1.8,5.0,6.7,1.5,0.5,0.3,1.8,3.3,8.4"
"1981,124,Phil Hubbard,PF,24,DET,80,0,28.6,5.4,11.0,.492,0.0,0.0,.333,5.4,11.0,.493,.493,3.7,5.3,.690,3.0,4.4,7.3,1.9,1.0,0.3,2.9,4.0,14.5"
"1981,125,Kim Hughes,C,28,TOT,53,0,9.2,0.5,1.3,.386,0.0,0.0,0,0.5,1.3,.386,.386,0.0,0.0,.500,0.9,1.5,2.4,0.7,0.5,0.7,0.8,2.0,1.0"
"1981,126,Geoff Huston,PG,23,TOT,81,0,30.0,5.7,11.6,.489,0.0,0.1,.200,5.7,11.6,.491,.490,1.9,2.6,.708,0.6,1.1,1.7,4.9,0.7,0.1,2.2,1.8,13.2"
"1981,127,Dan Issel,C,32,DEN,80,0,33.0,7.7,15.3,.503,0.0,0.2,.167,7.7,15.1,.507,.504,6.5,8.6,.759,2.9,5.6,8.5,2.0,1.0,0.7,1.6,3.1,21.9"
"1981,128,Tony Jackson,PG,23,LAL,2,0,7.0,0.5,1.5,.333,0.0,0.0,0,0.5,1.5,.333,.333,0.0,0.0,0,0.0,1.0,1.0,1.0,1.0,0.0,0.0,0.5,1.0"
"1981,129,Abdul Jeelani,SF,26,DAL,66,0,16.8,2.8,6.7,.425,0.0,0.0,.000,2.8,6.7,.426,.425,2.7,3.3,.814,1.3,2.2,3.5,1.0,0.7,0.5,1.3,1.9,8.4"
"1981,130,Clemon Johnson,C,24,IND,81,0,20.3,2.9,5.8,.504,0.0,0.0,.000,2.9,5.7,.505,.504,1.4,2.3,.593,2.1,3.6,5.8,1.8,0.5,1.5,1.5,2.3,7.2"
"1981,131,Dennis Johnson,PG,26,PHO,79,0,33.1,6.7,15.4,.436,0.1,0.6,.216,6.6,14.8,.446,.441,5.2,6.3,.820,2.0,2.6,4.6,3.7,1.7,0.8,2.6,3.1,18.8"
"1981,132,Eddie Johnson,SG,25,ATL,75,0,35.9,7.6,15.1,.504,0.1,0.3,.300,7.6,14.9,.508,.507,3.7,4.7,.784,0.8,1.6,2.4,5.4,1.7,0.1,2.6,2.5,19.1"
"1981,133,George Johnson,C,32,SAS,82,0,23.6,2.0,4.2,.473,0.0,0.0,0,2.0,4.2,.473,.473,1.0,1.3,.734,2.6,4.7,7.3,1.1,0.6,3.4,1.3,3.3,5.0"
"1981,134,George Johnson,PF,24,IND,43,0,21.6,4.2,9.2,.462,0.0,0.1,.000,4.2,9.0,.468,.462,2.2,2.8,.762,2.3,4.2,6.5,2.0,1.1,0.5,2.0,2.8,10.6"
"1981,135,John Johnson,SF,33,SEA,80,0,29.1,4.7,10.8,.431,0.0,0.0,.000,4.7,10.8,.431,.431,2.2,2.7,.808,1.7,2.8,4.5,3.9,0.7,0.3,2.9,2.5,11.5"
"1981,136,Lee Johnson,PF,23,TOT,12,0,7.5,0.6,2.1,.280,0.0,0.0,0,0.6,2.1,.280,.280,0.3,0.4,.600,0.5,1.3,1.8,0.1,0.0,0.4,0.6,1.5,1.4"
"1981,137,Magic Johnson,SG,21,LAL,37,0,37.1,8.4,15.9,.532,0.1,0.5,.176,8.4,15.4,.542,.534,4.6,6.1,.760,2.7,5.9,8.6,8.6,3.4,0.7,3.9,2.7,21.6"
"1981,138,Marques Johnson,SF,24,MIL,76,0,33.4,8.4,15.2,.552,0.0,0.1,.000,8.4,15.1,.556,.552,3.5,5.0,.706,3.0,3.9,6.8,4.6,1.5,0.5,2.5,2.6,20.3"
"1981,139,Mickey Johnson,PF,28,MIL,82,0,25.8,4.6,10.3,.448,0.0,0.2,.167,4.6,10.1,.454,.450,3.2,4.0,.789,2.2,4.4,6.6,3.5,1.1,0.9,2.8,3.1,12.5"
"1981,140,Ollie Johnson,SF,31,PHI,40,0,9.3,2.2,4.0,.551,0.0,0.2,.167,2.2,3.8,.566,.554,0.7,0.8,.871,0.2,1.2,1.4,0.8,0.5,0.1,0.6,1.1,5.1"
"1981,141,Reggie Johnson,PF,23,SAS,79,0,21.7,4.3,8.6,.499,0.0,0.0,.000,4.3,8.6,.499,.499,1.6,2.4,.663,1.7,2.9,4.5,1.0,0.6,0.6,1.6,3.6,10.2"
"1981,142,Vinnie Johnson,PG,24,SEA,81,0,28.5,5.2,9.7,.534,0.0,0.1,.200,5.2,9.6,.536,.534,2.6,3.3,.793,2.4,2.1,4.5,4.2,1.0,0.2,2.7,2.4,13.0"
"1981,143,Bobby Jones,PF,29,PHI,81,0,25.3,5.0,9.3,.539,0.0,0.0,.000,5.0,9.3,.541,.539,3.5,4.3,.813,1.8,3.6,5.4,2.8,1.2,0.9,1.8,2.8,13.5"
"1981,144,Caldwell Jones,C,30,PHI,81,0,32.6,2.7,6.0,.449,0.0,0.0,0,2.7,6.0,.449,.449,1.8,2.4,.767,2.5,7.6,10.0,1.5,0.7,1.7,2.1,3.3,7.2"
"1981,145,Dwight Jones,PF,28,CHI,81,0,19.4,3.0,6.3,.483,0.0,0.0,0,3.0,6.3,.483,.483,1.5,2.0,.776,1.6,3.4,5.0,1.2,0.5,0.4,1.6,2.5,7.6"
"1981,146,Edgar Jones,PF,24,NJN,60,0,15.8,3.2,6.0,.529,0.0,0.1,.000,3.2,5.9,.535,.529,2.4,3.6,.670,1.5,2.9,4.4,0.7,0.6,1.4,1.7,3.1,8.7"
"1981,147,Major Jones,PF,27,HOU,68,0,14.8,1.7,3.7,.464,0.0,0.0,.000,1.7,3.7,.466,.464,0.9,1.5,.634,1.4,2.0,3.4,0.6,0.3,0.3,0.8,1.6,4.4"
"1981,148,Eddie Jordan,PG,26,TOT,74,0,16.6,2.0,4.8,.426,0.1,0.3,.273,1.9,4.5,.436,.435,1.2,1.7,.685,0.4,0.9,1.3,3.3,1.3,0.1,1.9,2.2,5.3"
"1981,149,Walter Jordan,SF,24,CLE,30,0,6.9,1.0,2.5,.387,0.0,0.0,0,1.0,2.5,.387,.387,0.3,0.6,.588,0.8,0.6,1.4,0.4,0.4,0.2,0.6,1.2,2.3"
"1981,150,Jeff Judkins,SF,24,UTA,62,0,10.7,1.5,3.5,.426,0.1,0.5,.321,1.3,3.0,.441,.447,0.7,0.8,.882,0.5,1.0,1.5,1.0,0.3,0.0,0.5,1.4,3.8"
"1981,151,Clarence Kea,PF,21,DAL,16,0,12.4,2.3,5.1,.457,0.0,0.1,.000,2.3,5.0,.463,.457,2.7,3.9,.694,1.8,2.4,4.2,0.3,0.4,0.1,1.0,2.8,7.3"
"1981,152,Rich Kelley,C,27,PHO,81,0,20.8,2.4,4.8,.506,0.0,0.0,.000,2.4,4.8,.509,.506,2.2,2.9,.758,1.6,3.8,5.4,3.5,1.0,0.8,2.6,2.6,7.0"
"1981,153,Greg Kelser,SF,23,DET,25,0,26.2,4.8,11.4,.421,0.0,0.1,.000,4.8,11.3,.424,.421,2.7,4.2,.642,2.1,2.7,4.8,1.8,1.4,1.2,3.1,3.6,12.3"
"1981,154,Larry Kenon,SF,28,CHI,77,0,28.1,5.9,12.3,.480,0.0,0.0,0,5.9,12.3,.480,.480,2.3,3.2,.735,2.3,2.8,5.2,1.6,1.0,0.2,2.1,2.1,14.1"
"1981,155,Chad Kinch,SG,22,TOT,41,0,8.6,1.3,3.4,.369,0.0,0.0,0,1.3,3.4,.369,.369,0.3,0.4,.778,0.2,0.6,0.8,1.1,0.3,0.1,0.7,0.8,2.9"
"1981,156,Bernard King,SF,24,GSW,81,0,36.0,9.0,15.4,.588,0.0,0.1,.333,9.0,15.3,.589,.588,3.8,5.4,.703,2.2,4.6,6.8,3.5,0.9,0.4,3.3,3.8,21.9"
"1981,157,Reggie King,PF,23,KCK,81,0,33.9,5.8,10.7,.544,0.0,0.0,0,5.8,10.7,.544,.544,3.3,4.8,.684,2.9,6.8,9.7,1.5,1.3,0.5,2.0,2.8,14.9"
"1981,158,Billy Knight,SG,28,IND,82,0,29.1,6.7,12.5,.533,0.0,0.2,.158,6.6,12.3,.540,.534,4.2,5.0,.832,2.3,2.7,5.0,1.9,1.0,0.1,2.2,1.9,17.5"
"1981,159,Joel Kramer,PF,25,PHO,82,0,13.0,1.7,3.1,.527,0.0,0.0,.000,1.7,3.1,.529,.527,0.8,1.1,.692,0.9,1.9,2.8,1.1,0.4,0.2,0.8,1.6,4.1"
"1981,160,Wayne Kreklow,SG,24,BOS,25,0,4.0,0.4,1.9,.234,0.0,0.2,.250,0.4,1.7,.233,.245,0.3,0.4,.700,0.1,0.4,0.5,0.4,0.1,0.0,0.4,0.8,1.2"
"1981,161,Kevin Kunnert,C,29,POR,55,0,15.3,1.8,3.9,.468,0.0,0.0,0,1.8,3.9,.468,.468,0.8,1.0,.778,1.8,3.4,5.2,1.2,0.3,0.6,0.9,2.6,4.4"
"1981,162,Mitch Kupchak,PF,26,WSB,82,0,23.6,4.8,9.1,.525,0.0,0.0,.000,4.8,9.1,.525,.525,2.9,4.1,.706,2.4,4.5,6.9,0.8,0.4,0.3,2.0,2.4,12.5"
"1981,163,Sam Lacey,C,32,KCK,82,0,27.2,2.9,6.5,.442,0.0,0.1,.200,2.9,6.5,.444,.443,1.1,1.4,.786,1.6,5.5,7.1,4.9,1.2,1.5,2.2,3.7,6.9"
"1981,164,Tom LaGarde,C,25,DAL,82,0,32.6,5.1,10.8,.470,0.0,0.0,0,5.1,10.8,.470,.470,3.5,5.4,.649,2.2,6.0,8.1,2.9,0.4,0.5,2.5,3.6,13.7"
"1981,165,Bill Laimbeer,C,23,CLE,81,0,30.4,4.2,8.3,.503,0.0,0.0,0,4.2,8.3,.503,.503,1.4,1.9,.765,3.3,5.3,8.6,2.7,0.7,1.0,1.6,4.1,9.8"
"1981,166,John Lambert,PF,28,TOT,46,0,10.5,1.5,3.6,.412,0.0,0.0,.000,1.5,3.5,.417,.412,0.4,0.5,.783,0.6,1.4,2.0,0.6,0.3,0.1,0.4,1.7,3.3"
"1981,167,Mark Landsberger,PF,25,LAL,69,0,15.7,2.4,4.7,.502,0.0,0.0,.000,2.4,4.7,.503,.502,0.9,1.7,.534,2.2,3.3,5.5,0.4,0.3,0.1,0.9,2.0,5.7"
"1981,168,Bob Lanier,C,32,MIL,67,0,26.2,5.6,10.7,.525,0.0,0.0,1.000,5.6,10.7,.524,.526,3.1,4.1,.751,1.9,4.3,6.2,2.7,1.1,1.2,2.1,2.7,14.3"
"1981,169,Edmund Lawrence,C,28,DET,3,0,6.3,1.7,2.7,.625,0.0,0.0,0,1.7,2.7,.625,.625,0.7,1.3,.500,0.7,0.7,1.3,0.3,0.3,0.0,0.3,2.0,4.0"
"1981,170,Allen Leavell,PG,23,HOU,79,0,21.3,3.3,6.9,.471,0.0,0.2,.118,3.2,6.7,.482,.473,1.6,1.9,.832,0.4,1.3,1.7,4.9,1.2,0.2,2.4,2.0,8.1"
"1981,171,Ron Lee,PG,28,DET,82,0,22.3,1.4,3.9,.350,0.0,0.2,.154,1.4,3.8,.358,.353,1.4,1.9,.724,0.8,1.9,2.7,4.4,2.0,0.4,2.1,3.2,4.2"
"1981,172,Ronnie Lester,PG,22,CHI,8,0,10.4,1.3,3.0,.417,0.0,0.0,0,1.3,3.0,.417,.417,1.3,1.4,.909,0.4,0.4,0.8,0.9,0.3,0.0,1.1,0.6,3.8"
"1981,173,Scott Lloyd,C,28,DAL,72,0,30.4,3.4,7.6,.448,0.0,0.0,.000,3.4,7.6,.450,.448,2.0,2.8,.717,2.2,4.1,6.3,2.2,0.5,0.3,2.0,3.7,8.8"
"1981,174,John Long,SG,24,DET,59,0,29.7,7.5,16.2,.461,0.0,0.2,.182,7.4,16.0,.464,.462,2.7,3.1,.870,1.6,1.7,3.3,1.8,1.6,0.4,2.6,2.8,17.7"
"1981,175,John Lucas,PG,27,GSW,66,0,29.1,3.4,7.7,.439,0.1,0.4,.167,3.3,7.3,.452,.443,1.6,2.2,.738,0.5,1.8,2.3,7.0,1.3,0.0,2.8,2.1,8.4"
"1981,176,Maurice Lucas,PF,28,NJN,68,0,31.8,5.9,12.3,.484,0.0,0.0,.000,5.9,12.3,.485,.484,2.8,3.7,.752,2.3,6.2,8.5,2.5,0.8,0.9,2.6,3.8,14.7"
"1981,177,Ollie Mack,SG,23,TOT,65,0,25.9,4.3,9.3,.460,0.0,0.1,.000,4.3,9.2,.467,.460,1.2,1.9,.640,1.4,2.1,3.5,2.5,0.9,0.1,1.1,1.8,9.8"
"1981,178,Kyle Macy,PG,23,PHO,82,0,17.9,3.3,6.5,.511,0.1,0.6,.235,3.2,5.9,.541,.523,1.3,1.5,.899,0.5,1.1,1.6,2.0,0.9,0.1,1.2,1.5,8.1"
"1981,179,Rick Mahorn,PF,22,WSB,52,0,13.4,2.1,4.2,.507,0.0,0.0,0,2.1,4.2,.507,.507,0.5,0.8,.675,1.3,2.8,4.1,0.5,0.4,0.8,0.7,2.6,4.8"
"1981,180,Moses Malone,C,25,HOU,80,0,40.6,10.1,19.3,.522,0.0,0.0,.333,10.1,19.3,.522,.522,7.6,10.1,.757,5.9,8.8,14.8,1.8,1.0,1.9,3.9,2.8,27.8"
"1981,181,Wes Matthews,PG,21,TOT,79,0,28.7,4.9,9.9,.494,0.1,0.3,.238,4.8,9.6,.501,.497,2.6,3.2,.802,0.6,1.2,1.8,5.2,1.4,0.2,3.3,3.1,12.4"
"1981,182,Cedric Maxwell,SF,25,BOS,81,81,33.7,5.4,9.3,.588,0.0,0.0,.000,5.4,9.2,.589,.588,4.3,5.6,.782,2.7,3.7,6.5,2.7,1.0,0.8,2.2,3.2,15.2"
"1981,183,Scott May,SF,26,CHI,63,0,12.9,2.6,5.4,.488,0.0,0.0,0,2.6,5.4,.488,.488,1.8,2.4,.758,1.0,1.5,2.5,1.0,0.6,0.1,1.1,1.3,7.0"
"1981,184,Bill Mayfield,SF,23,GSW,7,0,7.7,1.1,2.6,.444,0.0,0.0,0,1.1,2.6,.444,.444,0.1,0.3,.500,1.0,0.3,1.3,0.1,0.0,0.1,0.4,1.1,2.4"
"1981,185,Bob McAdoo,PF,29,TOT,16,0,20.1,4.3,9.8,.433,0.0,0.1,.000,4.3,9.8,.436,.433,1.8,2.6,.707,1.1,3.1,4.2,1.9,1.1,0.8,2.0,2.4,10.3"
"1981,186,Andre McCarter,PG,27,WSB,43,0,10.4,1.2,3.1,.378,0.0,0.2,.250,1.1,3.0,.386,.385,0.4,0.6,.750,0.4,0.5,0.9,1.7,0.3,0.0,0.6,0.8,2.8"
"1981,187,Keith McCord,SG,23,WSB,2,0,4.5,1.0,2.0,.500,0.0,0.0,0,1.0,2.0,.500,.500,0.0,0.0,0,0.5,0.5,1.0,0.5,0.0,0.0,1.0,0.0,2.0"
"1981,188,Jim McElroy,PG,27,ATL,54,0,12.6,1.4,3.7,.386,0.0,0.1,.125,1.4,3.6,.397,.389,0.9,1.1,.814,0.2,0.7,0.9,1.6,0.4,0.2,1.5,1.1,3.8"
"1981,189,George McGinnis,PF,30,IND,69,0,26.7,5.0,11.1,.453,0.0,0.1,.000,5.0,11.0,.457,.453,3.0,5.6,.538,2.4,5.3,7.7,3.0,1.4,0.4,3.2,3.5,13.1"
"1981,190,Kevin McHale,PF,23,BOS,82,1,20.1,4.3,8.1,.533,0.0,0.0,.000,4.3,8.1,.535,.533,1.3,1.9,.679,1.9,2.5,4.4,0.7,0.3,1.8,1.3,3.2,10.0"
"1981,191,Billy McKinney,PG,25,TOT,84,0,25.8,3.9,7.7,.507,0.0,0.1,.167,3.9,7.5,.513,.509,1.9,2.2,.862,0.4,1.8,2.2,4.3,1.2,0.1,1.9,2.8,9.7"
"1981,192,Tom McMillen,C,28,ATL,79,0,19.8,3.2,6.6,.487,0.0,0.1,.167,3.2,6.5,.491,.488,1.0,1.4,.741,1.2,2.5,3.7,0.9,0.3,0.3,1.0,2.1,7.4"
"1981,193,John Mengelt,SG,31,GSW,2,0,5.5,0.0,2.0,.000,0.0,0.0,0,0.0,2.0,.000,.000,0.0,0.0,0,0.0,0.0,0.0,1.0,0.0,0.0,0.0,0.0,0.0"
"1981,194,Joe Meriweather,C,27,KCK,74,0,20.5,2.8,5.6,.496,0.0,0.0,0,2.8,5.6,.496,.496,2.0,2.9,.695,1.7,3.6,5.3,1.0,0.4,1.1,1.7,3.0,7.6"
"1981,195,Dick Miller,SF,22,TOT,8,0,6.6,0.5,1.1,.444,0.0,0.1,.000,0.5,1.0,.500,.444,0.0,0.0,0,0.3,0.6,0.9,0.6,0.5,0.0,1.0,0.6,1.0"
"1981,196,Mike Mitchell,SF,25,CLE,82,0,39.0,10.4,21.8,.476,0.0,0.1,.444,10.4,21.7,.476,.477,3.7,4.7,.784,2.6,3.5,6.1,1.7,0.8,0.6,2.1,2.4,24.5"
"1981,197,Steve Mix,SF,33,PHI,72,0,18.4,4.0,8.0,.501,0.0,0.0,.000,4.0,7.9,.503,.501,2.8,3.3,.833,1.5,2.2,3.7,1.6,0.8,0.3,1.2,1.5,10.8"
"1981,198,Paul Mokeski,C,24,DET,80,0,22.7,2.8,5.7,.489,0.0,0.0,.000,2.8,5.7,.490,.489,1.5,2.5,.600,1.8,3.5,5.2,1.7,0.5,0.9,2.0,3.3,7.1"
"1981,199,Sidney Moncrief,SG,23,MIL,80,0,30.2,5.0,9.2,.541,0.0,0.1,.222,5.0,9.1,.545,.543,4.0,5.0,.804,2.3,2.8,5.1,3.3,1.1,0.5,1.8,2.0,14.0"
"1981,200,Johnny Moore,PG,22,SAS,82,0,19.2,3.0,6.3,.479,0.0,0.2,.053,3.0,6.1,.495,.480,1.3,2.1,.610,0.7,1.7,2.4,4.5,1.5,0.3,1.9,2.2,7.4"
"1981,201,Lowes Moore,PG,23,NJN,71,0,19.8,3.0,6.7,.444,0.1,0.4,.148,2.9,6.4,.461,.448,1.0,1.3,.750,0.6,1.8,2.4,3.2,0.9,0.2,1.5,2.5,7.0"
"1981,202,Calvin Murphy,PG,32,HOU,76,0,26.5,6.9,14.1,.492,0.1,0.2,.235,6.9,13.9,.496,.493,2.7,2.8,.958,0.4,0.7,1.1,2.9,1.5,0.1,1.7,2.8,16.7"
"1981,203,Swen Nater,C,31,SDC,82,0,34.3,6.3,11.4,.553,0.0,0.0,0,6.3,11.4,.553,.553,3.0,3.7,.795,3.6,8.8,12.4,2.4,0.6,0.6,2.6,3.6,15.6"
"1981,204,Calvin Natt,SF,24,POR,74,0,28.5,5.3,10.7,.497,0.1,0.1,.500,5.3,10.6,.497,.500,2.7,3.8,.707,2.0,3.8,5.8,2.1,1.0,0.2,2.2,2.5,13.4"
"1981,205,Kenny Natt,SG,22,IND,19,0,7.8,1.3,4.1,.325,0.1,0.4,.250,1.2,3.6,.333,.338,0.4,0.6,.636,0.5,0.3,0.8,0.5,0.3,0.1,0.5,0.9,3.1"
"1981,206,Mike Newlin,SG,32,NJN,79,0,36.8,8.0,16.1,.497,0.1,0.4,.333,7.9,15.7,.501,.501,5.2,5.9,.888,1.0,1.8,2.8,3.8,1.1,0.1,3.1,3.0,21.4"
"1981,207,Carl Nicks,PG,22,TOT,67,0,16.6,2.6,5.4,.479,0.0,0.1,.000,2.6,5.3,.485,.479,1.1,1.9,.563,0.6,1.1,1.6,2.2,0.9,0.0,1.7,2.1,6.2"
"1981,208,Mike Niles,SF,25,PHO,44,0,5.3,1.1,3.1,.348,0.0,0.1,.500,1.0,3.0,.343,.355,0.4,0.8,.459,0.6,0.7,1.3,0.3,0.2,0.0,0.6,0.9,2.6"
"1981,209,Norm Nixon,PG,25,LAL,79,0,37.5,7.3,15.3,.476,0.0,0.2,.167,7.3,15.2,.479,.477,2.5,3.2,.778,0.8,2.1,2.9,8.8,1.8,0.1,3.6,2.9,17.1"
"1981,210,Mike O'Koren,SF,22,NJN,79,0,31.3,4.6,9.5,.486,0.1,0.2,.278,4.6,9.3,.491,.489,1.7,2.7,.637,2.3,3.8,6.1,3.2,1.1,0.3,1.8,3.1,11.0"
"1981,211,Mark Olberding,SF,24,SAS,82,0,29.4,4.2,8.4,.508,0.0,0.1,.143,4.2,8.3,.512,.509,3.8,4.6,.829,1.8,4.0,5.7,3.4,0.9,0.4,2.5,3.7,12.3"
"1981,212,Jawann Oldham,C,23,DEN,4,0,5.3,0.5,1.5,.333,0.0,0.0,0,0.5,1.5,.333,.333,0.0,0.0,0,0.8,0.5,1.3,0.0,0.0,0.5,0.5,0.8,1.0"
"1981,213,Louis Orr,SF,22,IND,82,0,21.8,4.2,8.6,.491,0.0,0.1,.000,4.2,8.6,.495,.491,2.0,2.5,.807,2.1,2.3,4.4,1.6,0.7,0.3,1.5,1.9,10.5"
"1981,214,Tom Owens,PF,31,POR,79,0,23.3,4.1,8.0,.511,0.0,0.1,.000,4.1,7.9,.514,.511,2.4,3.2,.764,2.1,3.7,5.8,1.8,0.5,0.6,1.6,3.5,10.6"
"1981,215,Robert Parish,C,27,BOS,82,78,28.0,7.7,14.2,.545,0.0,0.0,.000,7.7,14.2,.545,.545,3.4,4.8,.710,3.0,6.5,9.5,1.8,1.0,2.6,2.3,3.8,18.9"
"1981,216,Sonny Parker,SG,25,GSW,73,0,18.0,2.6,5.3,.492,0.0,0.0,0,2.6,5.3,.492,.492,1.3,1.8,.734,1.4,1.3,2.7,1.5,0.9,0.2,1.2,1.5,6.5"
"1981,217,Myles Patrick,SF,26,LAL,3,0,3.0,0.7,1.7,.400,0.0,0.0,0,0.7,1.7,.400,.400,0.3,0.7,.500,0.3,0.3,0.7,0.3,0.0,0.0,0.3,1.0,1.7"
"1981,218,Billy Paultz,PF,32,HOU,81,0,20.5,3.2,6.4,.507,0.0,0.0,.000,3.2,6.3,.510,.507,0.9,1.9,.490,1.4,3.5,4.8,1.3,0.3,0.9,1.1,2.2,7.4"
"1981,219,Jim Paxson,SG,23,POR,79,0,34.2,7.4,13.8,.536,0.0,0.4,.067,7.4,13.4,.549,.537,2.3,3.1,.734,0.9,1.7,2.7,3.8,1.8,0.1,1.7,2.2,17.1"
"1981,220,Sam Pellom,PF,29,ATL,77,0,19.1,2.4,4.9,.489,0.0,0.0,.000,2.4,4.9,.491,.489,1.1,1.5,.698,1.6,3.0,4.6,0.6,0.6,1.2,1.3,3.0,5.9"
"1981,221,Roger Phegley,SG,24,CLE,82,0,27.7,5.8,11.8,.491,0.1,0.3,.286,5.7,11.4,.497,.495,2.7,3.3,.839,1.1,1.9,3.0,2.2,0.8,0.2,2.0,3.2,14.4"
"1981,222,Stan Pietkiewicz,SG,24,TOT,42,0,11.0,1.4,3.3,.413,0.5,1.1,.396,0.9,2.1,.422,.482,0.3,0.3,.786,0.3,0.7,1.0,1.8,0.4,0.0,0.5,0.7,3.4"
"1981,223,Ben Poquette,PF,25,UTA,82,0,34.2,4.0,7.5,.528,0.0,0.1,.500,3.9,7.4,.528,.530,1.5,2.0,.778,2.0,5.7,7.7,2.0,0.8,2.1,1.5,4.2,9.5"
"1981,224,Kevin Porter,PG,30,WSB,81,0,31.8,5.5,10.6,.519,0.0,0.1,.250,5.5,10.5,.523,.521,2.4,3.0,.773,0.4,1.1,1.5,9.1,1.4,0.1,3.1,3.2,13.4"
"1981,225,Tony Price,SG,24,SDC,5,0,5.8,0.4,1.4,.286,0.0,0.0,0,0.4,1.4,.286,.286,0.0,0.0,0,0.0,0.0,0.0,0.6,0.4,0.2,0.4,0.6,0.8"
"1981,226,Wally Rank,SF,22,SDC,25,0,6.1,0.8,2.3,.368,0.0,0.0,0,0.8,2.3,.368,.368,0.5,1.1,.464,0.7,0.5,1.2,0.7,0.3,0.0,1.0,1.3,2.2"
"1981,227,Kelvin Ransey,PG,22,POR,80,0,30.4,6.6,14.5,.452,0.0,0.4,.097,6.5,14.1,.462,.453,2.1,2.7,.749,0.5,1.9,2.4,6.9,1.1,0.1,2.9,2.5,15.2"
"1981,228,Clifford Ray,C,32,GSW,66,0,12.7,1.0,2.3,.421,0.0,0.0,0,1.0,2.3,.421,.421,0.4,0.9,.468,1.1,2.2,3.3,0.8,0.4,0.2,1.1,2.9,2.4"
"1981,229,James Ray,PF,23,DEN,18,0,8.2,0.8,2.7,.306,0.0,0.1,.000,0.8,2.7,.313,.306,0.4,0.6,.700,0.7,1.3,2.1,0.6,0.2,0.2,0.7,1.7,2.1"
"1981,230,Billy Reid,SG,23,GSW,59,0,10.1,1.4,3.1,.454,0.0,0.1,.000,1.4,3.1,.467,.454,0.4,0.7,.564,0.5,0.6,1.0,1.2,0.6,0.1,1.3,1.9,3.2"
"1981,231,Robert Reid,SF,25,HOU,82,0,36.1,6.5,13.6,.482,0.0,0.0,.000,6.5,13.5,.483,.482,2.8,3.7,.756,2.0,5.1,7.1,4.2,2.0,0.8,2.4,4.0,15.9"
"1981,232,Kevin Restani,SF,29,SAS,64,0,15.6,3.0,5.8,.520,0.0,0.1,.375,3.0,5.6,.524,.524,1.0,1.4,.705,1.1,1.6,2.7,1.3,0.3,0.2,1.1,1.6,7.0"
"1981,233,Clint Richardson,SG,24,PHI,77,0,17.1,2.9,6.0,.489,0.0,0.0,.000,2.9,6.0,.490,.489,1.1,1.4,.778,1.1,1.2,2.3,2.0,0.5,0.1,1.4,1.3,7.0"
"1981,234,Micheal Ray Richardson,SG,25,NYK,79,0,40.2,6.6,14.1,.469,0.3,1.3,.225,6.3,12.8,.493,.479,2.8,4.3,.663,2.2,4.7,6.9,7.9,2.9,0.4,3.8,3.3,16.4"
"1981,235,Anthony Roberts,SF,25,WSB,26,0,13.5,2.1,5.5,.375,0.0,0.0,0,2.1,5.5,.375,.375,0.7,1.1,.655,0.7,1.9,2.6,0.8,0.4,0.0,1.1,2.0,4.9"
"1981,236,Rick Robey,C,25,BOS,82,4,19.1,3.6,6.7,.545,0.0,0.0,.000,3.6,6.7,.546,.545,1.8,3.1,.574,1.6,3.1,4.8,1.5,0.5,0.2,1.7,2.5,9.0"
"1981,237,Cliff Robinson,PF,20,NJN,63,0,28.9,8.3,17.0,.491,0.0,0.0,1.000,8.3,17.0,.490,.491,2.8,3.9,.718,1.9,5.7,7.6,1.7,0.9,0.8,2.9,3.4,19.5"
"1981,238,Truck Robinson,PF,29,PHO,82,0,37.7,7.9,15.6,.505,0.0,0.0,0,7.9,15.6,.505,.505,3.0,4.8,.629,2.6,7.0,9.6,2.5,0.8,0.5,3.0,2.7,18.8"
"1981,239,Wayne Robinson,PF,22,DET,81,0,19.7,2.9,6.3,.460,0.0,0.1,.000,2.9,6.2,.465,.460,2.2,3.0,.729,1.4,2.2,3.6,1.4,0.6,0.3,1.8,2.3,7.9"
"1981,240,Bill Robinzine,PF,28,TOT,78,0,25.8,5.0,10.6,.475,0.0,0.1,.167,5.0,10.5,.477,.475,2.8,3.6,.776,2.2,4.7,6.8,1.5,1.0,0.1,2.4,3.5,12.9"
"1981,241,Dave Robisch,C,31,TOT,84,0,25.2,3.9,8.8,.446,0.0,0.0,0,3.9,8.8,.446,.446,2.4,2.9,.810,1.9,4.1,5.9,2.1,0.4,0.4,1.0,2.1,10.2"
"1981,242,John Roche,PG,31,DEN,26,0,23.5,3.2,6.9,.458,0.3,1.0,.333,2.8,5.8,.480,.483,2.2,3.0,.753,0.2,1.2,1.4,5.4,0.7,0.3,2.0,1.7,8.9"
"1981,243,Tree Rollins,C,25,ATL,40,0,26.1,2.9,5.3,.552,0.0,0.0,.000,2.9,5.2,.555,.552,1.2,1.4,.807,2.6,4.6,7.2,0.9,0.7,2.9,1.4,3.8,7.0"
"1981,244,Lorenzo Romar,PG,22,GSW,53,0,13.7,1.6,4.0,.412,0.0,0.1,.333,1.6,3.9,.415,.417,0.8,1.2,.683,0.2,0.9,1.1,2.6,0.5,0.1,1.0,1.2,4.1"
"1981,245,Dan Roundfield,PF,27,ATL,63,0,33.8,6.8,12.8,.527,0.0,0.0,.000,6.8,12.8,.528,.527,4.1,5.6,.721,3.7,6.4,10.1,2.6,1.2,1.9,2.8,4.1,17.6"
"1981,246,Campy Russell,SF,29,NYK,79,0,36.3,6.4,13.9,.464,0.1,0.3,.308,6.3,13.5,.468,.468,3.4,4.3,.781,1.4,3.1,4.5,3.3,1.3,0.1,2.7,3.1,16.4"
"1981,247,Frankie Sanders,SF,24,KCK,23,0,8.1,1.5,3.3,.442,0.0,0.0,0,1.5,3.3,.442,.442,0.9,1.0,.909,0.3,0.7,0.9,0.7,0.7,0.0,0.9,0.9,3.8"
"1981,248,DeWayne Scales,PF,22,NYK,44,0,11.0,2.1,5.1,.418,0.0,0.1,.167,2.1,5.0,.425,.420,0.6,0.9,.667,1.1,1.9,3.0,0.2,0.3,0.1,0.7,1.2,4.9"
"1981,249,Alvin Scott,SF,25,PHO,82,0,17.4,2.1,4.2,.497,0.0,0.1,.167,2.1,4.2,.503,.499,1.2,1.5,.764,1.2,2.0,3.3,1.4,0.7,0.9,0.9,1.5,5.4"
"1981,250,Craig Shelton,SF,23,ATL,55,0,10.7,1.8,4.0,.457,0.0,0.0,.000,1.8,4.0,.459,.457,0.6,1.1,.603,1.1,1.4,2.5,0.5,0.3,0.1,1.1,2.3,4.3"
"1981,251,Lonnie Shelton,PF,25,SEA,14,0,31.4,5.2,12.4,.420,0.0,0.0,0,5.2,12.4,.420,.420,2.6,3.9,.655,2.2,3.4,5.6,2.5,1.6,0.2,2.9,3.4,13.0"
"1981,252,Purvis Short,SF,23,GSW,79,0,29.2,6.9,14.6,.475,0.0,0.2,.176,6.9,14.4,.479,.476,2.1,2.6,.820,1.9,3.0,4.9,3.2,1.0,0.2,1.8,3.1,16.1"
"1981,253,John Shumate,PF,28,TOT,24,0,22.0,2.3,5.5,.427,0.0,0.0,0,2.3,5.5,.427,.427,2.3,3.2,.724,1.4,2.3,3.7,1.0,0.9,0.4,1.8,2.0,7.0"
"1981,254,Jerry Sichting,PG,24,IND,47,0,9.6,0.7,2.0,.358,0.0,0.1,.000,0.7,1.9,.378,.358,0.5,0.7,.781,0.2,0.7,0.9,1.5,0.5,0.0,0.6,0.8,2.0"
"1981,255,Jack Sikma,C,25,SEA,82,0,35.6,7.3,16.0,.454,0.0,0.1,.000,7.3,15.9,.456,.454,4.1,5.0,.823,2.2,8.1,10.4,3.0,1.0,1.1,2.5,3.4,18.7"
"1981,256,James Silas,PG,31,SAS,75,0,27.4,6.3,13.3,.477,0.0,0.0,.000,6.3,13.3,.478,.477,5.0,5.9,.850,0.6,2.5,3.1,3.8,0.7,0.2,2.1,1.7,17.7"
"1981,257,Larry Smith,PF,23,GSW,82,0,31.4,3.7,7.2,.512,0.0,0.0,0,3.7,7.2,.512,.512,2.2,3.7,.588,5.3,6.8,12.1,1.1,0.9,0.8,1.8,3.9,9.6"
"1981,258,Phil Smith,SG,28,SDC,76,0,31.3,6.8,13.9,.491,0.1,0.2,.222,6.8,13.7,.496,.493,3.1,4.1,.757,0.6,1.4,2.1,4.9,1.1,0.2,2.3,3.0,16.8"
"1981,259,Randy Smith,SG,32,CLE,82,0,26.8,5.9,12.7,.466,0.0,0.3,.036,5.9,12.4,.478,.466,2.7,3.3,.815,0.6,1.8,2.4,4.4,1.4,0.2,2.4,1.6,14.6"
"1981,260,Robert Smith,PG,25,CLE,1,0,20.0,2.0,5.0,.400,0.0,0.0,0,2.0,5.0,.400,.400,4.0,4.0,1.000,1.0,2.0,3.0,3.0,0.0,0.0,3.0,6.0,8.0"
"1981,261,Ricky Sobers,PG,28,CHI,71,0,25.4,5.0,10.8,.462,0.2,0.9,.258,4.8,9.9,.481,.473,3.3,3.5,.935,0.6,1.4,2.0,4.0,1.4,0.2,2.9,3.2,13.5"
"1981,262,Jim Spanarkel,SF,23,DAL,82,0,28.3,4.9,10.6,.467,0.0,0.1,.100,4.9,10.4,.471,.467,4.6,5.2,.887,1.7,1.9,3.6,2.8,1.4,0.2,2.1,2.8,14.4"
"1981,263,Rory Sparrow,PG,22,NJN,15,0,14.1,1.5,4.2,.349,0.0,0.0,0,1.5,4.2,.349,.349,0.8,1.1,.750,0.5,0.7,1.2,2.1,0.9,0.2,1.2,1.0,3.7"
"1981,264,John Stroud,SF,23,HOU,9,0,9.8,1.2,3.8,.324,0.0,0.0,0,1.2,3.8,.324,.324,0.3,0.4,.750,0.8,0.7,1.4,1.0,0.1,0.0,0.4,0.8,2.8"
"1981,265,Brian Taylor,PG,29,SDC,80,0,28.9,3.9,7.4,.525,0.6,1.4,.383,3.3,6.0,.559,.562,1.8,2.3,.789,0.7,1.2,1.9,5.5,1.5,0.3,1.4,2.7,10.1"
"1981,266,Carlos Terry,SG,24,WSB,26,0,19.4,3.1,6.2,.500,0.0,0.2,.000,3.1,5.9,.519,.500,1.1,1.6,.667,1.7,2.8,4.5,2.7,1.0,0.5,2.2,2.6,7.2"
"1981,267,Reggie Theus,SG,23,CHI,82,0,34.4,6.6,13.4,.495,0.2,1.1,.200,6.4,12.3,.521,.503,5.4,6.7,.809,1.5,2.0,3.5,5.2,1.5,0.2,3.2,3.1,18.9"
"1981,268,David Thompson,SG,26,DEN,77,0,34.0,9.5,18.8,.506,0.1,0.5,.256,9.4,18.3,.513,.509,6.4,8.0,.795,1.4,2.3,3.7,3.0,0.7,0.8,3.2,3.0,25.5"
"1981,269,Mychal Thompson,C,26,POR,79,0,35.3,7.2,14.6,.494,0.0,0.0,.000,7.2,14.6,.495,.494,2.6,4.1,.641,2.8,5.9,8.7,3.6,0.8,2.2,3.1,3.3,17.0"
"1981,270,Rudy Tomjanovich,PF,32,HOU,52,0,24.3,5.1,10.8,.467,0.2,1.0,.235,4.8,9.8,.490,.478,1.3,1.6,.793,1.5,2.5,4.0,1.6,0.4,0.1,1.1,2.3,11.6"
"1981,271,Andrew Toney,SG,23,PHI,75,0,23.6,5.3,10.7,.495,0.1,0.4,.310,5.2,10.4,.502,.501,2.1,3.0,.712,0.4,1.5,1.9,3.6,0.8,0.1,2.9,3.1,12.9"
"1981,272,Terry Tyler,SF,24,DET,82,0,31.1,5.8,10.9,.532,0.0,0.1,.000,5.8,10.8,.537,.532,1.8,3.0,.592,2.4,4.5,6.9,1.7,1.4,2.2,2.0,2.6,13.4"
"1981,273,Wes Unseld,C,34,WSB,63,0,32.3,3.6,6.8,.524,0.0,0.1,.500,3.5,6.7,.525,.527,0.9,1.4,.640,3.3,7.4,10.7,2.7,0.8,0.6,1.5,2.7,8.0"
"1981,274,Ronnie Valentine,SF,23,DEN,24,0,5.1,1.5,4.1,.378,0.0,0.1,.500,1.5,4.0,.375,.383,0.4,0.8,.474,0.4,0.8,1.3,0.3,0.3,0.2,0.7,1.0,3.5"
"1981,275,Jan Van Breda Kolff,SF,29,NJN,78,0,18.3,1.3,3.1,.408,0.0,0.1,.250,1.3,3.0,.414,.412,1.3,1.5,.838,0.6,2.0,2.6,1.7,0.5,0.6,1.4,2.7,3.8"
"1981,276,Kiki Vandeweghe,SF,22,DEN,51,0,27.0,4.5,10.5,.426,0.0,0.1,.000,4.5,10.4,.432,.426,2.5,3.1,.818,1.7,3.6,5.3,1.8,0.6,0.5,1.7,2.3,11.5"
"1981,277,Brett Vroman,C,25,UTA,11,0,8.5,0.9,2.5,.370,0.0,0.1,.000,0.9,2.4,.385,.370,1.3,1.7,.737,0.6,1.6,2.3,0.8,0.5,0.5,0.8,2.4,3.1"
"1981,278,Foots Walker,PG,29,NJN,41,0,28.6,1.8,4.1,.426,0.0,0.2,.222,1.7,3.9,.438,.432,2.1,2.7,.793,0.5,2.0,2.5,6.2,1.3,0.0,2.1,2.6,5.7"
"1981,279,Wally Walker,SF,26,SEA,82,0,21.9,3.5,7.6,.463,0.0,0.0,.000,3.5,7.6,.465,.463,1.3,2.1,.645,1.3,2.6,3.8,1.5,0.6,0.2,1.4,2.0,8.4"
"1981,280,Lloyd Walton,PG,27,KCK,61,0,13.5,1.5,3.6,.413,0.0,0.0,.000,1.5,3.6,.415,.413,0.4,0.5,.788,0.2,0.6,0.8,3.4,0.5,0.0,1.3,0.7,3.4"
"1981,281,Kermit Washington,PF,29,POR,73,0,29.0,4.5,7.8,.569,0.0,0.0,.000,4.5,7.8,.570,.569,2.5,3.9,.628,3.2,6.2,9.4,2.0,1.2,1.2,2.0,3.5,11.4"
"1981,282,Richard Washington,PF,25,TOT,80,0,22.7,4.3,9.3,.455,0.0,0.0,.500,4.2,9.3,.455,.456,1.5,2.0,.748,2.0,3.7,5.7,1.6,0.6,0.8,1.6,3.5,10.0"
"1981,283,Marvin Webster,C,28,NYK,82,0,20.8,1.9,4.2,.466,0.0,0.0,.250,1.9,4.1,.469,.468,1.3,2.0,.638,2.0,3.7,5.7,0.9,0.3,1.2,1.3,2.3,5.2"
"1981,284,Scott Wedman,SF,28,KCK,81,0,35.8,8.5,17.7,.477,0.3,1.0,.325,8.1,16.8,.485,.485,1.7,2.5,.686,1.6,3.8,5.3,2.8,1.2,0.6,2.0,3.6,19.0"
"1981,285,Paul Westphal,SG,30,SEA,36,0,29.9,6.1,13.9,.442,0.2,0.7,.240,6.0,13.2,.453,.448,4.3,5.1,.832,0.3,1.6,1.9,4.1,1.3,0.4,2.2,1.9,16.7"
"1981,286,Jo Jo White,PG,34,KCK,13,0,18.2,2.8,6.3,.439,0.0,0.0,0,2.8,6.3,.439,.439,0.8,1.4,.611,0.2,1.4,1.6,2.8,0.8,0.1,1.4,1.6,6.4"
"1981,287,Rudy White,SG,27,TOT,16,0,13.0,1.4,4.1,.354,0.0,0.1,.000,1.4,4.0,.359,.354,0.9,1.0,.938,0.1,0.6,0.7,1.3,0.6,0.1,0.8,1.4,3.8"
"1981,288,Jerome Whitehead,C,24,TOT,48,0,14.3,1.7,3.8,.461,0.0,0.0,.000,1.7,3.7,.464,.461,0.6,1.2,.500,1.2,3.3,4.5,0.5,0.4,0.2,1.2,2.5,4.0"
"1981,289,Hawkeye Whitney,SG,23,KCK,47,0,16.6,3.2,6.5,.487,0.0,0.1,.333,3.1,6.4,.490,.490,1.1,1.4,.769,0.6,1.6,2.3,1.4,1.0,0.1,1.0,2.1,7.4"
"1981,290,Sidney Wicks,PF,31,SDC,49,0,22.1,2.6,5.8,.437,0.0,0.0,.000,2.6,5.8,.439,.437,1.6,3.1,.507,1.6,2.9,4.6,2.3,0.8,0.8,1.9,3.4,6.7"
"1981,291,Michael Wiley,PF,23,SAS,33,0,8.2,2.3,4.2,.551,0.0,0.1,.000,2.3,4.1,.559,.551,1.1,1.5,.750,0.7,1.3,1.9,0.3,0.2,0.2,0.8,1.2,5.7"
"1981,292,Bob Wilkerson,SG,26,CHI,80,0,28.0,4.1,8.9,.462,0.0,0.1,.100,4.1,8.8,.467,.462,1.7,2.0,.840,1.1,2.5,3.5,3.4,1.3,0.3,2.2,2.1,10.0"
"1981,293,Jamaal Wilkes,SF,27,LAL,81,0,37.4,9.7,18.5,.526,0.0,0.2,.077,9.7,18.3,.530,.526,3.1,4.1,.758,1.8,3.6,5.4,2.9,1.5,0.4,2.6,2.8,22.6"
"1981,294,James Wilkes,SF,22,CHI,48,0,11.3,1.8,3.8,.462,0.0,0.0,.000,1.8,3.8,.464,.462,0.6,0.9,.690,0.8,1.3,2.0,0.6,0.5,0.3,0.7,1.8,4.1"
"1981,295,Jeff Wilkins,C,25,UTA,56,0,18.9,2.1,4.6,.450,0.0,0.0,0,2.1,4.6,.450,.450,0.5,0.7,.675,1.1,3.8,4.9,0.7,0.6,0.8,1.1,3.0,4.7"
"1981,296,Freeman Williams,SG,24,SDC,82,0,24.1,7.8,16.8,.465,0.6,1.7,.340,7.2,15.1,.479,.482,3.1,3.6,.852,0.9,0.7,1.6,2.0,1.1,0.1,2.0,1.9,19.3"
"1981,297,Ray Williams,PG,26,NYK,79,0,34.7,7.8,16.9,.461,0.2,0.9,.235,7.6,16.0,.474,.467,3.9,4.8,.817,1.5,2.5,4.1,5.5,2.3,0.5,3.0,3.4,19.7"
"1981,298,Sly Williams,PF,23,NYK,67,0,29.5,5.2,10.6,.493,0.0,0.1,.250,5.2,10.4,.496,.494,2.8,4.0,.690,2.4,3.8,6.2,2.7,1.7,0.3,2.1,3.0,13.2"
"1981,299,John Williamson,SG,29,WSB,9,0,12.4,2.0,6.2,.321,0.1,0.7,.167,1.9,5.6,.340,.330,0.6,0.7,.833,0.0,0.8,0.8,1.9,0.4,0.1,1.3,1.4,4.7"
"1981,300,Bill Willoughby,SF,23,HOU,55,0,20.8,2.7,5.2,.523,0.0,0.0,0,2.7,5.2,.523,.523,0.9,1.2,.766,1.3,2.8,4.1,1.2,0.3,0.6,1.3,1.9,6.3"
"1981,301,Brian Winters,SG,28,MIL,69,0,25.7,4.8,10.1,.475,0.3,0.7,.353,4.5,9.4,.485,.488,1.7,2.0,.869,0.5,1.6,2.0,3.3,1.0,0.1,2.0,2.7,11.6"
"1981,302,Mike Woodson,SG,22,NYK,81,0,11.7,2.0,4.6,.442,0.0,0.1,.200,2.0,4.5,.446,.444,0.6,0.8,.766,0.4,0.8,1.2,0.9,0.4,0.1,0.7,1.2,4.7"
"1981,303,Sam Worthen,PG,23,CHI,64,0,14.8,1.5,3.0,.495,0.0,0.1,.000,1.5,2.9,.505,.495,0.7,0.9,.750,0.3,1.5,1.8,1.8,0.9,0.1,1.4,1.8,3.7"
"1981,304,Larry Wright,PG,26,DET,45,0,22.2,3.1,6.7,.462,0.0,0.2,.286,3.1,6.6,.466,.465,1.2,1.5,.803,0.6,1.4,2.0,3.4,0.9,0.2,1.6,2.5,7.4"
